{
	"class_name" : "PinholeCameraParameters",
	"extrinsic" : 
	[
		0.23330559569359252,
		0.15650850717198156,
		-0.95972578698337363,
		0.0,
		0.67443140272676949,
		0.68495167882354768,
		0.27565101250096263,
		0.0,
		0.7005075174714831,
		-0.7115801324233284,
		0.054248807418581874,
		0.0,
		-0.82255562630024748,
		-0.84185509485101695,
		3.2484576420121232,
		1.0
	],
	"intrinsic" : 
	{
		"height" : 1080,
		"intrinsic_matrix" : 
		[
			935.30743608719376,
			0.0,
			0.0,
			0.0,
			935.30743608719376,
			0.0,
			959.5,
			539.5,
			1.0
		],
		"width" : 1920
	},
	"version_major" : 1,
	"version_minor" : 0
}