{
	"class_name" : "PinholeCameraParameters",
	"extrinsic" : 
	[
		0.42290068179979867,
		-0.05958975696424567,
		0.90421461733274788,
		0.0,
		-0.7437765584283178,
		-0.59282530602973393,
		0.30879538154460734,
		0.0,
		0.51764026549892028,
		-0.80312341355217298,
		-0.29502769046059524,
		0.0,
		5.5511151231257827e-17,
		-1.1102230246251565e-16,
		2.0784609690826534,
		1.0
	],
	"intrinsic" : 
	{
		"height" : 1061,
		"intrinsic_matrix" : 
		[
			918.85295341528945,
			0.0,
			0.0,
			0.0,
			918.85295341528945,
			0.0,
			959.5,
			530.0,
			1.0
		],
		"width" : 1920
	},
	"version_major" : 1,
	"version_minor" : 0
}