{
	"class_name" : "PinholeCameraParameters",
	"extrinsic" : 
	[
		0.99911813827172313,
		0.00020696932985623319,
		-0.041986937732377022,
		0.0,
		-0.00017098045283615217,
		-0.99995950424220414,
		-0.0089978131437666239,
		0.0,
		-0.041987099710872555,
		0.0089970572623436339,
		-0.99907764283787659,
		0.0,
		-0.0,
		-1.3877787807814457e-17,
		9.6994845223857027,
		1.0
	],
	"intrinsic" : 
	{
		"height" : 1061,
		"intrinsic_matrix" : 
		[
			918.85295341528945,
			0.0,
			0.0,
			0.0,
			918.85295341528945,
			0.0,
			959.5,
			530.0,
			1.0
		],
		"width" : 1920
	},
	"version_major" : 1,
	"version_minor" : 0
}