{
	"class_name" : "PinholeCameraParameters",
	"extrinsic" : 
	[
		0.9863158283622262,
		0.037794845325780507,
		-0.16047627983267859,
		0.0,
		-0.068206247586688362,
		-0.79262385875642305,
		-0.60588392149009984,
		0.0,
		-0.15009661725794893,
		0.60853838678992012,
		-0.77919961325121467,
		0.0,
		-2.2204460492503131e-16,
		0.0,
		6.2353829072479456,
		1.0
	],
	"intrinsic" : 
	{
		"height" : 1061,
		"intrinsic_matrix" : 
		[
			918.85295341528945,
			0.0,
			0.0,
			0.0,
			918.85295341528945,
			0.0,
			959.5,
			530.0,
			1.0
		],
		"width" : 1920
	},
	"version_major" : 1,
	"version_minor" : 0
}