,surfaceArea,compactness,rectangularity,diameter,eccentricity
labeledDb\LabeledDB_new\Airplane\61.off,1.915367707806675,11.48535500281748,0.10495613223355314,1.9655930395984773,29.59052638812917
labeledDb\LabeledDB_new\Airplane\62.off,2.0696912986251923,7.0996374154176385,0.07582682580071992,1.9531221524786755,23.334838972502947
